StudentID,Decision,Confidence,Explanation
student_1,Partial Scholarship,0.61,"Academic: tier2, Financial: high, Activities: strong, Special: []"
student_2,Not Eligible,0.1,"Academic: tier2, Financial: minimal, Activities: moderate, Special: []"
student_3,Not Eligible,0.1,"Academic: tier3, Financial: medium, Activities: moderate, Special: []"
student_4,Partial Scholarship,0.66,"Academic: tier2, Financial: high, Activities: outstanding, Special: []"
student_5,Partial Scholarship,0.33,"Academic: tier2, Financial: medium, Activities: basic, Special: []"
student_6,Partial Scholarship,0.61,"Academic: tier1, Financial: high, Activities: basic, Special: []"
student_7,Not Eligible,0.1,"Academic: tier3, Financial: minimal, Activities: moderate, Special: []"
student_8,Partial Scholarship,0.36,"Academic: tier2, Financial: medium, Activities: moderate, Special: []"
student_9,Partial Scholarship,0.5,"Academic: tier1, Financial: medium, Activities: basic, Special: []"
student_10,Not Eligible,0.1,"Academic: tier2, Financial: minimal, Activities: basic, Special: []"
student_11,Partial Scholarship,0.61,"Academic: tier1, Financial: high, Activities: basic, Special: []"
student_12,Full Scholarship,0.72,"Academic: tier1, Financial: high, Activities: strong, Special: []"
student_13,Not Eligible - Basic Requirements,0.0,Failed basic eligibility criteria
student_14,Not Eligible,0.1,"Academic: tier1, Financial: minimal, Activities: basic, Special: []"
student_15,Not Eligible - Basic Requirements,0.0,Failed basic eligibility criteria
student_16,Partial Scholarship,0.61,"Academic: tier1, Financial: medium, Activities: outstanding, Special: []"
student_17,Not Eligible,0.1,"Academic: tier1, Financial: minimal, Activities: moderate, Special: []"
student_18,Not Eligible - Basic Requirements,0.0,Failed basic eligibility criteria
student_19,Not Eligible,0.1,"Academic: tier3, Financial: high, Activities: moderate, Special: []"
student_20,Partial Scholarship,0.61,"Academic: tier1, Financial: high, Activities: basic, Special: []"
student_21,Not Eligible,0.1,"Academic: tier2, Financial: minimal, Activities: moderate, Special: []"
student_22,Partial Scholarship,0.55,"Academic: tier1, Financial: medium, Activities: strong, Special: []"
student_23,Partial Scholarship,0.61,"Academic: tier1, Financial: medium, Activities: outstanding, Special: []"
student_24,Not Eligible - Basic Requirements,0.0,Failed basic eligibility criteria
student_25,Partial Scholarship,0.55,"Academic: tier1, Financial: medium, Activities: strong, Special: []"
student_26,Not Eligible - Basic Requirements,0.0,Failed basic eligibility criteria
student_27,Not Eligible,0.1,"Academic: tier1, Financial: minimal, Activities: outstanding, Special: []"
student_28,Not Eligible - Basic Requirements,0.0,Failed basic eligibility criteria
student_29,Partial Scholarship,0.58,"Academic: tier2, Financial: high, Activities: moderate, Special: []"
student_30,Not Eligible,0.1,"Academic: tier1, Financial: minimal, Activities: moderate, Special: []"
